<?xml version = "1.0" encoding = "UTF-8"?>
<!DOCTYPE suite SYSTEM "https://testng.org/testng-1.0.dtd">

<suite name = "MySuite">
	<listeners>
		<listener class-name = "utilities.ExtentReportManager"/>
	</listeners>
	
	<test name = "MyTest">
		<parameter name = "OS" value = "Windows 11"/>
		<parameter name = "browser" value = "chrome"/>
		
		<classes>
			<class name = "testCases.TC_001_CaptureUserInformation"/>
			<class name = "testCases.TC_002_ValidateNewsHeader"/>
			<class name = "testCases.TC_003_GettingNewsInformation"/>
		</classes>
	</test>
</suite>